{
	"format_version": "1.21.6",
	"credit": "Made with Blockbench",
	"texture_size": [64, 64],
	"textures": {
		"0": "item/gas_mask",
		"particle": "item/gas_mask"
	},
	"elements": [
		{
			"from": [0, 0, -1],
			"to": [16, 15, 0],
			"rotation": {"angle": 0, "axis": "y", "origin": [7, 0, 0]},
			"faces": {
				"north": {"uv": [0, 0, 4, 3.75], "texture": "#0"},
				"east": {"uv": [5.5, 6.5, 5.75, 10.25], "texture": "#0"},
				"south": {"uv": [0, 3.75, 4, 7.5], "texture": "#0"},
				"west": {"uv": [5.75, 6.5, 6, 10.25], "texture": "#0"},
				"up": {"uv": [11.5, 3.25, 7.5, 3], "texture": "#0"},
				"down": {"uv": [11.5, 3.25, 7.5, 3.5], "texture": "#0"}
			}
		},
		{
			"from": [-3, -1, -2],
			"to": [3, 5, 0],
			"rotation": {"angle": 17.5, "axis": "y", "origin": [-1, 1, -4]},
			"faces": {
				"north": {"uv": [6, 3, 7.5, 4.5], "texture": "#0"},
				"east": {"uv": [3.5, 7.5, 4, 9], "texture": "#0"},
				"south": {"uv": [6, 4.5, 7.5, 6], "texture": "#0"},
				"west": {"uv": [7.5, 4, 8, 5.5], "texture": "#0"},
				"up": {"uv": [9, 6, 7.5, 5.5], "texture": "#0"},
				"down": {"uv": [7.5, 7.5, 6, 8], "texture": "#0"}
			}
		},
		{
			"from": [13, -1, -2],
			"to": [19, 5, 0],
			"rotation": {"angle": -17.5, "axis": "y", "origin": [15, 1, -4]},
			"faces": {
				"north": {"uv": [6, 6, 7.5, 7.5], "texture": "#0"},
				"east": {"uv": [7.5, 6, 8, 7.5], "texture": "#0"},
				"south": {"uv": [4, 7, 5.5, 8.5], "texture": "#0"},
				"west": {"uv": [7.5, 7.5, 8, 9], "texture": "#0"},
				"up": {"uv": [9.5, 4.5, 8, 4], "texture": "#0"},
				"down": {"uv": [9.5, 4.5, 8, 5], "texture": "#0"}
			}
		},
		{
			"from": [6, 1, -3],
			"to": [10, 4, -1],
			"rotation": {"angle": 0, "axis": "y", "origin": [5, 1, -3]},
			"faces": {
				"north": {"uv": [6, 8, 7, 8.75], "texture": "#0"},
				"east": {"uv": [7, 8, 7.25, 8.75], "texture": "#0"},
				"south": {"uv": [8, 6, 9, 6.75], "texture": "#0"},
				"west": {"uv": [7.25, 8, 7.5, 8.75], "texture": "#0"},
				"up": {"uv": [1, 9, 0, 8.75], "texture": "#0"},
				"down": {"uv": [2, 8.75, 1, 9], "texture": "#0"}
			}
		},
		{
			"from": [6, 14, 0],
			"to": [10, 15, 13],
			"rotation": {"angle": 0, "axis": "y", "origin": [7, 14, 0]},
			"faces": {
				"north": {"uv": [6, 8.75, 7, 9], "texture": "#0"},
				"east": {"uv": [7.5, 3.5, 10.75, 3.75], "texture": "#0"},
				"south": {"uv": [0, 9, 1, 9.25], "texture": "#0"},
				"west": {"uv": [7.5, 3.75, 10.75, 4], "texture": "#0"},
				"up": {"uv": [6, 3.25, 5, 0], "texture": "#0"},
				"down": {"uv": [6, 3.25, 5, 6.5], "texture": "#0"}
			}
		},
		{
			"from": [6, 1, 12],
			"to": [10, 14, 13],
			"rotation": {"angle": 0, "axis": "y", "origin": [7, 13, 12]},
			"faces": {
				"north": {"uv": [4, 0, 5, 3.5], "texture": "#0"},
				"east": {"uv": [2, 7.5, 2.25, 11], "texture": "#0"},
				"south": {"uv": [4, 3.5, 5, 7], "texture": "#0"},
				"west": {"uv": [2.25, 7.5, 2.5, 11], "texture": "#0"},
				"up": {"uv": [2, 9.25, 1, 9], "texture": "#0"},
				"down": {"uv": [10, 5.5, 9, 5.75], "texture": "#0"}
			}
		},
		{
			"from": [2, 5, 12],
			"to": [6, 8, 13],
			"rotation": {"angle": 0, "axis": "y", "origin": [4, 6, 11]},
			"faces": {
				"north": {"uv": [8, 6.75, 9, 7.5], "texture": "#0"},
				"east": {"uv": [5, 8.5, 5.25, 9.25], "texture": "#0"},
				"south": {"uv": [8, 7.5, 9, 8.25], "texture": "#0"},
				"west": {"uv": [5.25, 8.5, 5.5, 9.25], "texture": "#0"},
				"up": {"uv": [10, 6, 9, 5.75], "texture": "#0"},
				"down": {"uv": [7, 9, 6, 9.25], "texture": "#0"}
			}
		},
		{
			"from": [14, 5, 0],
			"to": [16, 8, 13],
			"rotation": {"angle": 0, "axis": "y", "origin": [14, 6, 0]},
			"faces": {
				"north": {"uv": [9, 7, 9.25, 7.75], "texture": "#0"},
				"east": {"uv": [6, 1.5, 9.25, 2.25], "texture": "#0"},
				"south": {"uv": [7.5, 9, 7.75, 9.75], "texture": "#0"},
				"west": {"uv": [6, 2.25, 9.25, 3], "texture": "#0"},
				"up": {"uv": [3.25, 10.75, 3, 7.5], "texture": "#0"},
				"down": {"uv": [3.5, 7.5, 3.25, 10.75], "texture": "#0"}
			}
		},
		{
			"from": [10, 5, 12],
			"to": [14, 8, 13],
			"rotation": {"angle": 0, "axis": "y", "origin": [12, 6, 11]},
			"faces": {
				"north": {"uv": [8, 8.25, 9, 9], "texture": "#0"},
				"east": {"uv": [3.5, 9, 3.75, 9.75], "texture": "#0"},
				"south": {"uv": [4, 8.5, 5, 9.25], "texture": "#0"},
				"west": {"uv": [3.75, 9, 4, 9.75], "texture": "#0"},
				"up": {"uv": [10, 6.75, 9, 6.5], "texture": "#0"},
				"down": {"uv": [10, 6.75, 9, 7], "texture": "#0"}
			}
		},
		{
			"from": [6, 0, 8],
			"to": [10, 1, 13],
			"rotation": {"angle": 0, "axis": "y", "origin": [6, -1, 11]},
			"faces": {
				"north": {"uv": [9, 6, 10, 6.25], "texture": "#0"},
				"east": {"uv": [8, 5, 9.25, 5.25], "texture": "#0"},
				"south": {"uv": [9, 6.25, 10, 6.5], "texture": "#0"},
				"west": {"uv": [8, 5.25, 9.25, 5.5], "texture": "#0"},
				"up": {"uv": [1, 8.75, 0, 7.5], "texture": "#0"},
				"down": {"uv": [2, 7.5, 1, 8.75], "texture": "#0"}
			}
		},
		{
			"from": [0, 5, 0],
			"to": [2, 8, 13],
			"rotation": {"angle": 0, "axis": "y", "origin": [1, 6, 0]},
			"faces": {
				"north": {"uv": [7, 8.75, 7.25, 9.5], "texture": "#0"},
				"east": {"uv": [6, 0, 9.25, 0.75], "texture": "#0"},
				"south": {"uv": [7.25, 8.75, 7.5, 9.5], "texture": "#0"},
				"west": {"uv": [6, 0.75, 9.25, 1.5], "texture": "#0"},
				"up": {"uv": [2.75, 10.75, 2.5, 7.5], "texture": "#0"},
				"down": {"uv": [3, 7.5, 2.75, 10.75], "texture": "#0"}
			}
		}
	],
	"display": {
		"thirdperson_righthand": {
			"translation": [0, 0, -0.5],
			"scale": [0.5, 0.5, 0.5]
		},
		"thirdperson_lefthand": {
			"scale": [0.5, 0.5, 0.5]
		},
		"firstperson_righthand": {
			"rotation": [-3.32, -9.59, 1.68],
			"translation": [1.5, 1, 0.5],
			"scale": [0.51, 0.63, 0.39]
		},
		"firstperson_lefthand": {
			"rotation": [-3.32, -9.59, 1.68],
			"translation": [1.5, 1, 0.5],
			"scale": [0.5, 0.7, 0.42]
		},
		"ground": {
			"scale": [0.5, 0.5, 0.5]
		},
		"gui": {
			"rotation": [-180, 0, -180],
			"translation": [0, 0.5, 0],
			"scale": [0.9, 0.9, 0.9]
		},
		"head": {
			"translation": [0, 0.5, 2.5]
		},
		"fixed": {
			"translation": [0, 0, 8.5]
		}
	}
}